年份,生源省份,科类,批次,院校名称,院校专业组,专业,计划数,最低分,最低位次,数据来源,来源链接
2022,西藏,历史,本科一批,三峡大学,,,,344,,西藏教育考试院,https://huggingface.co/datasets/choucsan/Gaokao-Compass-11M
2022,西藏,物理,本科一批,三峡大学,,,,355,,西藏教育考试院,https://huggingface.co/datasets/choucsan/Gaokao-Compass-11M
2022,西藏,物理,本科一批,上海中医药大学,,,,361,,西藏教育考试院,https://huggingface.co/datasets/choucsan/Gaokao-Compass-11M
2022,西藏,历史,本科一批,上海海事大学,,,,346,,西藏教育考试院,https://huggingface.co/datasets/choucsan/Gaokao-Compass-11M
2022,西藏,物理,本科一批,上海海洋大学,,,,310,,西藏教育考试院,https://huggingface.co/datasets/choucsan/Gaokao-Compass-11M
2022,西藏,历史,本科一批,中北大学,,,,350,,西藏教育考试院,https://huggingface.co/datasets/choucsan/Gaokao-Compass-11M
2022,西藏,物理,本科一批,中北大学,,,,342,,西藏教育考试院,https://huggingface.co/datasets/choucsan/Gaokao-Compass-11M
2022,西藏,物理,本科提前批,中国人民解放军陆军军医大学,,,,408,,西藏教育考试院,https://huggingface.co/datasets/choucsan/Gaokao-Compass-11M
2022,西藏,历史,国家专项计划本科批,中国劳动关系学院,,,,372,,西藏教育考试院,https://huggingface.co/datasets/choucsan/Gaokao-Compass-11M
2022,西藏,物理,本科一批,中国医科大学,,,,381,,西藏教育考试院,https://huggingface.co/datasets/choucsan/Gaokao-Compass-11M
2022,西藏,历史,本科一批,中国海洋大学,,,,550,,西藏教育考试院,https://huggingface.co/datasets/choucsan/Gaokao-Compass-11M
2022,西藏,物理,本科一批,中国海洋大学,,,,524,,西藏教育考试院,https://huggingface.co/datasets/choucsan/Gaokao-Compass-11M
2022,西藏,物理,本科一批,中国石油大学（北京）,,,,446,,西藏教育考试院,https://huggingface.co/datasets/choucsan/Gaokao-Compass-11M
2022,西藏,历史,本科一批,中山大学,,,,430,,西藏教育考试院,https://huggingface.co/datasets/choucsan/Gaokao-Compass-11M
2022,西藏,物理,本科一批,中山大学,,,,466,,西藏教育考试院,https://huggingface.co/datasets/choucsan/Gaokao-Compass-11M
2022,西藏,历史,本科一批,云南大学,,,1,373,,西藏教育考试院,https://huggingface.co/datasets/choucsan/Gaokao-Compass-11M
2022,西藏,物理,本科一批,云南大学,,,5,314,,西藏教育考试院,https://huggingface.co/datasets/choucsan/Gaokao-Compass-11M
2022,西藏,物理,本科一批,北京中医药大学,,,,385,,西藏教育考试院,https://huggingface.co/datasets/choucsan/Gaokao-Compass-11M
2022,西藏,历史,本科一批,华南理工大学,,,,406,,西藏教育考试院,https://huggingface.co/datasets/choucsan/Gaokao-Compass-11M
2022,西藏,历史,本科一批,南京信息工程大学,,,,367,,西藏教育考试院,https://huggingface.co/datasets/choucsan/Gaokao-Compass-11M
2022,西藏,物理,本科一批,南京信息工程大学,,,,319,,西藏教育考试院,https://huggingface.co/datasets/choucsan/Gaokao-Compass-11M
2022,西藏,物理,本科一批,南京医科大学,,,,423,,西藏教育考试院,https://huggingface.co/datasets/choucsan/Gaokao-Compass-11M
2022,西藏,物理,本科一批,南京邮电大学,,,1,513,,西藏教育考试院,https://huggingface.co/datasets/choucsan/Gaokao-Compass-11M
2022,西藏,历史,本科一批,南华大学,,,,370,,西藏教育考试院,https://huggingface.co/datasets/choucsan/Gaokao-Compass-11M
2022,西藏,物理,本科一批,太原理工大学,,,,405,,西藏教育考试院,https://huggingface.co/datasets/choucsan/Gaokao-Compass-11M
2022,西藏,历史,本科一批,山东师范大学,,,,441,,西藏教育考试院,https://huggingface.co/datasets/choucsan/Gaokao-Compass-11M
2022,西藏,物理,本科一批,山东师范大学,,,,434,,西藏教育考试院,https://huggingface.co/datasets/choucsan/Gaokao-Compass-11M
2022,西藏,历史,本科二批,山西传媒学院,,,,306,,西藏教育考试院,https://huggingface.co/datasets/choucsan/Gaokao-Compass-11M
2022,西藏,物理,本科二批,山西传媒学院,,,,266,,西藏教育考试院,https://huggingface.co/datasets/choucsan/Gaokao-Compass-11M
2022,西藏,物理,本科一批,山西大学,,,,422,,西藏教育考试院,https://huggingface.co/datasets/choucsan/Gaokao-Compass-11M
2022,西藏,历史,本科一批,广东工业大学,,,,346,,西藏教育考试院,https://huggingface.co/datasets/choucsan/Gaokao-Compass-11M
2022,西藏,物理,本科一批,广东工业大学,,,,308,,西藏教育考试院,https://huggingface.co/datasets/choucsan/Gaokao-Compass-11M
2022,西藏,历史,本科二批,怀化学院,,,,324,,西藏教育考试院,https://huggingface.co/datasets/choucsan/Gaokao-Compass-11M
2022,西藏,物理,本科二批,昆明医科大学海源学院,,,,269,,西藏教育考试院,https://huggingface.co/datasets/choucsan/Gaokao-Compass-11M
2022,西藏,历史,本科一批,武汉工程大学,,,,348,,西藏教育考试院,https://huggingface.co/datasets/choucsan/Gaokao-Compass-11M
2022,西藏,历史,本科二批,江西中医药大学,,,,389,,西藏教育考试院,https://huggingface.co/datasets/choucsan/Gaokao-Compass-11M
2022,西藏,物理,本科二批,江西中医药大学,,,,332,,西藏教育考试院,https://huggingface.co/datasets/choucsan/Gaokao-Compass-11M
2022,西藏,物理,本科二批,沈阳理工大学,,,,275,,西藏教育考试院,https://huggingface.co/datasets/choucsan/Gaokao-Compass-11M
2022,西藏,历史,本科二批,河南中医药大学,,,,339,,西藏教育考试院,https://huggingface.co/datasets/choucsan/Gaokao-Compass-11M
2022,西藏,物理,本科二批,河南中医药大学,,,,275,,西藏教育考试院,https://huggingface.co/datasets/choucsan/Gaokao-Compass-11M
2022,西藏,物理,本科一批,海南医科大学,,,,310,,西藏教育考试院,https://huggingface.co/datasets/choucsan/Gaokao-Compass-11M
2022,西藏,历史,本科一批,海南大学,,,,390,,西藏教育考试院,https://huggingface.co/datasets/choucsan/Gaokao-Compass-11M
2022,西藏,物理,本科一批,海南大学,,,,324,,西藏教育考试院,https://huggingface.co/datasets/choucsan/Gaokao-Compass-11M
2022,西藏,历史,本科一批,海南师范大学,,,,383,,西藏教育考试院,https://huggingface.co/datasets/choucsan/Gaokao-Compass-11M
2022,西藏,物理,本科一批,海南师范大学,,,,371,,西藏教育考试院,https://huggingface.co/datasets/choucsan/Gaokao-Compass-11M
2022,西藏,历史,本科二批,海南热带海洋学院,,,,313,,西藏教育考试院,https://huggingface.co/datasets/choucsan/Gaokao-Compass-11M
2022,西藏,物理,本科二批,海南热带海洋学院,,,,266,,西藏教育考试院,https://huggingface.co/datasets/choucsan/Gaokao-Compass-11M
2022,西藏,物理,本科一批,温州医科大学,,,,353,,西藏教育考试院,https://huggingface.co/datasets/choucsan/Gaokao-Compass-11M
2022,西藏,历史,本科一批,湖北工业大学,,,,344,,西藏教育考试院,https://huggingface.co/datasets/choucsan/Gaokao-Compass-11M
2022,西藏,历史,本科二批,湖南人文科技学院,,,,318,,西藏教育考试院,https://huggingface.co/datasets/choucsan/Gaokao-Compass-11M
2022,西藏,历史,本科二批,湖南女子学院,,,,310,,西藏教育考试院,https://huggingface.co/datasets/choucsan/Gaokao-Compass-11M
2022,西藏,历史,本科一批,湘潭大学,,,,363,,西藏教育考试院,https://huggingface.co/datasets/choucsan/Gaokao-Compass-11M
2022,西藏,物理,本科一批,湘潭大学,,,,391,,西藏教育考试院,https://huggingface.co/datasets/choucsan/Gaokao-Compass-11M
2022,西藏,历史,本科二批,琼台师范学院,,,,312,,西藏教育考试院,https://huggingface.co/datasets/choucsan/Gaokao-Compass-11M
2022,西藏,物理,本科二批,琼台师范学院,,,,284,,西藏教育考试院,https://huggingface.co/datasets/choucsan/Gaokao-Compass-11M
2022,西藏,历史,本科一批,福州大学,,,,397,,西藏教育考试院,https://huggingface.co/datasets/choucsan/Gaokao-Compass-11M
2022,西藏,物理,本科一批,福州大学,,,,325,,西藏教育考试院,https://huggingface.co/datasets/choucsan/Gaokao-Compass-11M
2022,西藏,历史,本科一批,西南政法大学,,,,343,,西藏教育考试院,https://huggingface.co/datasets/choucsan/Gaokao-Compass-11M
2022,西藏,物理,本科一批,西南政法大学,,,,361,,西藏教育考试院,https://huggingface.co/datasets/choucsan/Gaokao-Compass-11M
2022,西藏,物理,本科二批,西南林业大学,,,3,337,,西藏教育考试院,https://huggingface.co/datasets/choucsan/Gaokao-Compass-11M
2022,西藏,历史,本科二批,西南财经大学天府学院,,,,307,,西藏教育考试院,https://huggingface.co/datasets/choucsan/Gaokao-Compass-11M
2022,西藏,物理,本科二批,西南财经大学天府学院,,,,265,,西藏教育考试院,https://huggingface.co/datasets/choucsan/Gaokao-Compass-11M
2022,西藏,历史,本科二批,辽宁师范大学,,,,350,,西藏教育考试院,https://huggingface.co/datasets/choucsan/Gaokao-Compass-11M
2022,西藏,物理,本科二批,辽宁师范大学,,,,310,,西藏教育考试院,https://huggingface.co/datasets/choucsan/Gaokao-Compass-11M
2022,西藏,历史,本科二批,邵阳学院,,,,315,,西藏教育考试院,https://huggingface.co/datasets/choucsan/Gaokao-Compass-11M
2022,西藏,历史,本科二批,重庆三峡职业学院,,,,313,,西藏教育考试院,https://huggingface.co/datasets/choucsan/Gaokao-Compass-11M
2022,西藏,物理,本科一批,重庆医科大学,,,,402,,西藏教育考试院,https://huggingface.co/datasets/choucsan/Gaokao-Compass-11M
2022,西藏,历史,本科二批,长沙学院,,,,305,,西藏教育考试院,https://huggingface.co/datasets/choucsan/Gaokao-Compass-11M
2022,西藏,历史,本科一批,长沙理工大学,,,,364,,西藏教育考试院,https://huggingface.co/datasets/choucsan/Gaokao-Compass-11M
2022,西藏,物理,本科一批,长沙理工大学,,,,295,,西藏教育考试院,https://huggingface.co/datasets/choucsan/Gaokao-Compass-11M
2022,西藏,物理,本科提前批,陆军工程大学,,,,330,,西藏教育考试院,https://huggingface.co/datasets/choucsan/Gaokao-Compass-11M
2023,西藏,历史,本科一批,三峡大学,,,,331,,西藏教育考试院,https://huggingface.co/datasets/choucsan/Gaokao-Compass-11M
2023,西藏,物理,本科一批,三峡大学,,,,437,,西藏教育考试院,https://huggingface.co/datasets/choucsan/Gaokao-Compass-11M
2023,西藏,历史,本科一批,上海应用技术大学,,,,325,,西藏教育考试院,https://huggingface.co/datasets/choucsan/Gaokao-Compass-11M
2023,西藏,物理,本科一批,上海应用技术大学,,,,302,,西藏教育考试院,https://huggingface.co/datasets/choucsan/Gaokao-Compass-11M
2023,西藏,历史,本科一批,上海海事大学,,,,322,,西藏教育考试院,https://huggingface.co/datasets/choucsan/Gaokao-Compass-11M
2023,西藏,物理,本科一批,上海海事大学,,,,315,,西藏教育考试院,https://huggingface.co/datasets/choucsan/Gaokao-Compass-11M
2023,西藏,历史,本科一批,上海海洋大学,,,,320,,西藏教育考试院,https://huggingface.co/datasets/choucsan/Gaokao-Compass-11M
2023,西藏,物理,本科一批,上海海洋大学,,,,304,,西藏教育考试院,https://huggingface.co/datasets/choucsan/Gaokao-Compass-11M
2023,西藏,历史,本科提前批,中国人民公安大学,,,,393,,西藏教育考试院,https://huggingface.co/datasets/choucsan/Gaokao-Compass-11M
2023,西藏,物理,本科提前批,中国人民公安大学,,,,332,,西藏教育考试院,https://huggingface.co/datasets/choucsan/Gaokao-Compass-11M
2023,西藏,物理,本科提前批,中国人民解放军陆军军医大学,,,,324,,西藏教育考试院,https://huggingface.co/datasets/choucsan/Gaokao-Compass-11M
2023,西藏,历史,本科提前批,中国刑事警察学院,,,4,322,,西藏教育考试院,https://huggingface.co/datasets/choucsan/Gaokao-Compass-11M
2023,西藏,物理,本科提前批,中国刑事警察学院,,,24,290,,西藏教育考试院,https://huggingface.co/datasets/choucsan/Gaokao-Compass-11M
2023,西藏,历史,国家专项计划本科批,中国劳动关系学院,,,,357,,西藏教育考试院,https://huggingface.co/datasets/choucsan/Gaokao-Compass-11M
2023,西藏,物理,本科一批,中国医科大学,,,,399,,西藏教育考试院,https://huggingface.co/datasets/choucsan/Gaokao-Compass-11M
2023,西藏,历史,本科提前批,中国消防救援学院,,,,321,,西藏教育考试院,https://huggingface.co/datasets/choucsan/Gaokao-Compass-11M
2023,西藏,物理,本科提前批,中国消防救援学院,,,,306,,西藏教育考试院,https://huggingface.co/datasets/choucsan/Gaokao-Compass-11M
2023,西藏,物理,本科二批,云南农业大学,,,,362,,西藏教育考试院,https://huggingface.co/datasets/choucsan/Gaokao-Compass-11M
2023,西藏,历史,本科一批,云南大学,,,,383,,西藏教育考试院,https://huggingface.co/datasets/choucsan/Gaokao-Compass-11M
2023,西藏,物理,本科一批,云南大学,,,,322,,西藏教育考试院,https://huggingface.co/datasets/choucsan/Gaokao-Compass-11M
2023,西藏,历史,本科提前批,云南警官学院,,,,378,,西藏教育考试院,https://huggingface.co/datasets/choucsan/Gaokao-Compass-11M
2023,西藏,物理,本科提前批,云南警官学院,,,,293,,西藏教育考试院,https://huggingface.co/datasets/choucsan/Gaokao-Compass-11M
2023,西藏,历史,本科二批,内江师范学院,,,,313,,西藏教育考试院,https://huggingface.co/datasets/choucsan/Gaokao-Compass-11M
2023,西藏,物理,本科二批,内江师范学院,,,,283,,西藏教育考试院,https://huggingface.co/datasets/choucsan/Gaokao-Compass-11M
2023,西藏,物理,本科一批,北京中医药大学,,,,385,,西藏教育考试院,https://huggingface.co/datasets/choucsan/Gaokao-Compass-11M
2023,西藏,物理,本科一批,北京交通大学,,,4,373,,西藏教育考试院,https://huggingface.co/datasets/choucsan/Gaokao-Compass-11M
2023,西藏,物理,本科一批,北京林业大学,,,,444,,西藏教育考试院,https://huggingface.co/datasets/choucsan/Gaokao-Compass-11M
2023,西藏,历史,国家专项计划本科批,华南理工大学,,,,403,,西藏教育考试院,https://huggingface.co/datasets/choucsan/Gaokao-Compass-11M
2023,西藏,历史,本科一批,南京农业大学,,,,321,,西藏教育考试院,https://huggingface.co/datasets/choucsan/Gaokao-Compass-11M
2023,西藏,物理,国家专项计划本科批,南京农业大学,,,,347,,西藏教育考试院,https://huggingface.co/datasets/choucsan/Gaokao-Compass-11M
2023,西藏,物理,本科一批,南京医科大学,,,,426,,西藏教育考试院,https://huggingface.co/datasets/choucsan/Gaokao-Compass-11M
2023,西藏,历史,本科一批,南京林业大学,,,,358,,西藏教育考试院,https://huggingface.co/datasets/choucsan/Gaokao-Compass-11M
2023,西藏,物理,国家专项计划本科批,南京林业大学,,,,329,,西藏教育考试院,https://huggingface.co/datasets/choucsan/Gaokao-Compass-11M
2023,西藏,物理,本科一批,南京邮电大学,,,1,557,,西藏教育考试院,https://huggingface.co/datasets/choucsan/Gaokao-Compass-11M
2023,西藏,历史,本科一批,南华大学,,,,357,,西藏教育考试院,https://huggingface.co/datasets/choucsan/Gaokao-Compass-11M
2023,西藏,历史,本科一批,山东师范大学,,,,422,,西藏教育考试院,https://huggingface.co/datasets/choucsan/Gaokao-Compass-11M
2023,西藏,物理,本科一批,山东师范大学,,,,444,,西藏教育考试院,https://huggingface.co/datasets/choucsan/Gaokao-Compass-11M
2023,西藏,历史,本科一批,广东工业大学,,,,323,,西藏教育考试院,https://huggingface.co/datasets/choucsan/Gaokao-Compass-11M
2023,西藏,物理,本科一批,广东工业大学,,,,292,,西藏教育考试院,https://huggingface.co/datasets/choucsan/Gaokao-Compass-11M
2023,西藏,历史,本科二批,怀化学院,,,,340,,西藏教育考试院,https://huggingface.co/datasets/choucsan/Gaokao-Compass-11M
2023,西藏,物理,本科二批,成都中医药大学,,,,335,,西藏教育考试院,https://huggingface.co/datasets/choucsan/Gaokao-Compass-11M
2023,西藏,历史,本科一批,武汉大学,,,,387,,西藏教育考试院,https://huggingface.co/datasets/choucsan/Gaokao-Compass-11M
2023,西藏,物理,本科一批,武汉大学,,,,365,,西藏教育考试院,https://huggingface.co/datasets/choucsan/Gaokao-Compass-11M
2023,西藏,历史,本科一批,武汉工程大学,,,,320,,西藏教育考试院,https://huggingface.co/datasets/choucsan/Gaokao-Compass-11M
2023,西藏,物理,本科一批,武汉工程大学,,,,304,,西藏教育考试院,https://huggingface.co/datasets/choucsan/Gaokao-Compass-11M
2023,西藏,历史,本科一批,江苏科技大学,,,,336,,西藏教育考试院,https://huggingface.co/datasets/choucsan/Gaokao-Compass-11M
2023,西藏,物理,本科一批,江苏科技大学,,,,307,,西藏教育考试院,https://huggingface.co/datasets/choucsan/Gaokao-Compass-11M
2023,西藏,物理,本科一批,沈阳工业大学,,,,297,,西藏教育考试院,https://huggingface.co/datasets/choucsan/Gaokao-Compass-11M
2023,西藏,历史,本科一批,河北大学,,,,351,,西藏教育考试院,https://huggingface.co/datasets/choucsan/Gaokao-Compass-11M
2023,西藏,物理,本科一批,河北大学,,,,326,,西藏教育考试院,https://huggingface.co/datasets/choucsan/Gaokao-Compass-11M
2023,西藏,历史,本科二批,河南中医药大学,,,,305,,西藏教育考试院,https://huggingface.co/datasets/choucsan/Gaokao-Compass-11M
2023,西藏,物理,本科二批,河南中医药大学,,,,269,,西藏教育考试院,https://huggingface.co/datasets/choucsan/Gaokao-Compass-11M
2023,西藏,物理,本科一批,海南医科大学,,,,311,,西藏教育考试院,https://huggingface.co/datasets/choucsan/Gaokao-Compass-11M
2023,西藏,历史,本科一批,海南大学,,,,388,,西藏教育考试院,https://huggingface.co/datasets/choucsan/Gaokao-Compass-11M
2023,西藏,物理,本科一批,海南大学,,,,339,,西藏教育考试院,https://huggingface.co/datasets/choucsan/Gaokao-Compass-11M
2023,西藏,历史,本科一批,海南师范大学,,,,366,,西藏教育考试院,https://huggingface.co/datasets/choucsan/Gaokao-Compass-11M
2023,西藏,物理,本科一批,海南师范大学,,,,357,,西藏教育考试院,https://huggingface.co/datasets/choucsan/Gaokao-Compass-11M
2023,西藏,历史,本科二批,海南热带海洋学院,,,,312,,西藏教育考试院,https://huggingface.co/datasets/choucsan/Gaokao-Compass-11M
2023,西藏,物理,本科二批,海南热带海洋学院,,,,309,,西藏教育考试院,https://huggingface.co/datasets/choucsan/Gaokao-Compass-11M
2023,西藏,物理,本科一批,温州医科大学,,,,332,,西藏教育考试院,https://huggingface.co/datasets/choucsan/Gaokao-Compass-11M
2023,西藏,历史,本科二批,湖北科技学院,,,,308,,西藏教育考试院,https://huggingface.co/datasets/choucsan/Gaokao-Compass-11M
2023,西藏,物理,本科二批,湖北科技学院,,,,275,,西藏教育考试院,https://huggingface.co/datasets/choucsan/Gaokao-Compass-11M
2023,西藏,历史,本科二批,湖南人文科技学院,,,,296,,西藏教育考试院,https://huggingface.co/datasets/choucsan/Gaokao-Compass-11M
2023,西藏,物理,本科二批,湖南人文科技学院,,,,253,,西藏教育考试院,https://huggingface.co/datasets/choucsan/Gaokao-Compass-11M
2023,西藏,历史,本科二批,湖南女子学院,,,,297,,西藏教育考试院,https://huggingface.co/datasets/choucsan/Gaokao-Compass-11M
2023,西藏,历史,本科二批,湖南警察学院,,,,342,,西藏教育考试院,https://huggingface.co/datasets/choucsan/Gaokao-Compass-11M
2023,西藏,物理,本科二批,湖南警察学院,,,,290,,西藏教育考试院,https://huggingface.co/datasets/choucsan/Gaokao-Compass-11M
2023,西藏,历史,本科二批,湘南学院,,,,290,,西藏教育考试院,https://huggingface.co/datasets/choucsan/Gaokao-Compass-11M
2023,西藏,物理,本科二批,湘南学院,,,,340,,西藏教育考试院,https://huggingface.co/datasets/choucsan/Gaokao-Compass-11M
2023,西藏,历史,本科一批,湘潭大学,,,,389,,西藏教育考试院,https://huggingface.co/datasets/choucsan/Gaokao-Compass-11M
2023,西藏,物理,本科一批,湘潭大学,,,,302,,西藏教育考试院,https://huggingface.co/datasets/choucsan/Gaokao-Compass-11M
2023,西藏,历史,本科二批,琼台师范学院,,,,305,,西藏教育考试院,https://huggingface.co/datasets/choucsan/Gaokao-Compass-11M
2023,西藏,物理,本科二批,琼台师范学院,,,,278,,西藏教育考试院,https://huggingface.co/datasets/choucsan/Gaokao-Compass-11M
2023,西藏,物理,本科二批,福州外语外贸学院,,,,237,,西藏教育考试院,https://huggingface.co/datasets/choucsan/Gaokao-Compass-11M
2023,西藏,历史,本科一批,福州大学,,,8,378,,西藏教育考试院,https://huggingface.co/datasets/choucsan/Gaokao-Compass-11M
2023,西藏,物理,本科一批,福州大学,,,17,304,,西藏教育考试院,https://huggingface.co/datasets/choucsan/Gaokao-Compass-11M
2023,西藏,物理,本科二批,福州工商学院,,,,241,,西藏教育考试院,https://huggingface.co/datasets/choucsan/Gaokao-Compass-11M
2023,西藏,历史,本科二批,西北民族大学,,,,267,,西藏教育考试院,https://huggingface.co/datasets/choucsan/Gaokao-Compass-11M
2023,西藏,物理,本科二批,西北民族大学,,,,279,,西藏教育考试院,https://huggingface.co/datasets/choucsan/Gaokao-Compass-11M
2023,西藏,历史,本科一批,西南政法大学,,,,382,,西藏教育考试院,https://huggingface.co/datasets/choucsan/Gaokao-Compass-11M
2023,西藏,物理,本科一批,西南政法大学,,,,384,,西藏教育考试院,https://huggingface.co/datasets/choucsan/Gaokao-Compass-11M
2023,西藏,物理,本科二批,西南林业大学,,,3,334,,西藏教育考试院,https://huggingface.co/datasets/choucsan/Gaokao-Compass-11M
2023,西藏,历史,本科一批,西南民族大学,,,,338,,西藏教育考试院,https://huggingface.co/datasets/choucsan/Gaokao-Compass-11M
2023,西藏,物理,本科一批,西南民族大学,,,,300,,西藏教育考试院,https://huggingface.co/datasets/choucsan/Gaokao-Compass-11M
2023,西藏,历史,本科一批,贵州大学,,,,391,,西藏教育考试院,https://huggingface.co/datasets/choucsan/Gaokao-Compass-11M
2023,西藏,物理,本科一批,贵州大学,,,,369,,西藏教育考试院,https://huggingface.co/datasets/choucsan/Gaokao-Compass-11M
2023,西藏,历史,本科二批,邵阳学院,,,,290,,西藏教育考试院,https://huggingface.co/datasets/choucsan/Gaokao-Compass-11M
2023,西藏,历史,本科二批,金陵科技学院,,,,284,,西藏教育考试院,https://huggingface.co/datasets/choucsan/Gaokao-Compass-11M
2023,西藏,物理,本科二批,金陵科技学院,,,,261,,西藏教育考试院,https://huggingface.co/datasets/choucsan/Gaokao-Compass-11M
2023,西藏,物理,本科二批,长春中医药大学,,,,275,,西藏教育考试院,https://huggingface.co/datasets/choucsan/Gaokao-Compass-11M
2023,西藏,历史,本科二批,长春大学,,,,296,,西藏教育考试院,https://huggingface.co/datasets/choucsan/Gaokao-Compass-11M
2023,西藏,物理,本科二批,长春大学,,,,252,,西藏教育考试院,https://huggingface.co/datasets/choucsan/Gaokao-Compass-11M
2023,西藏,历史,本科二批,长江师范学院,,,,299,,西藏教育考试院,https://huggingface.co/datasets/choucsan/Gaokao-Compass-11M
2023,西藏,物理,本科二批,长江师范学院,,,,270,,西藏教育考试院,https://huggingface.co/datasets/choucsan/Gaokao-Compass-11M
2023,西藏,历史,本科二批,长沙学院,,,,286,,西藏教育考试院,https://huggingface.co/datasets/choucsan/Gaokao-Compass-11M
2023,西藏,历史,本科二批,长沙师范学院,,,,318,,西藏教育考试院,https://huggingface.co/datasets/choucsan/Gaokao-Compass-11M
2023,西藏,物理,本科一批,长沙理工大学,,,,321,,西藏教育考试院,https://huggingface.co/datasets/choucsan/Gaokao-Compass-11M
2023,西藏,物理,本科提前批,陆军工程大学,,,,369,,西藏教育考试院,https://huggingface.co/datasets/choucsan/Gaokao-Compass-11M
2023,西藏,历史,本科二批,黄冈师范学院,,,,301,,西藏教育考试院,https://huggingface.co/datasets/choucsan/Gaokao-Compass-11M
2024,西藏,历史,本科二批,三亚学院,,,,283,,西藏教育考试院,https://huggingface.co/datasets/choucsan/Gaokao-Compass-11M
2024,西藏,物理,本科二批,三亚学院,,,,251,,西藏教育考试院,https://huggingface.co/datasets/choucsan/Gaokao-Compass-11M
2024,西藏,历史,本科一批,三峡大学,,,,361,,西藏教育考试院,https://huggingface.co/datasets/choucsan/Gaokao-Compass-11M
2024,西藏,物理,本科一批,三峡大学,,,,305,,西藏教育考试院,https://huggingface.co/datasets/choucsan/Gaokao-Compass-11M
2024,西藏,历史,本科二批,三峡大学科技学院,,,,297,,西藏教育考试院,https://huggingface.co/datasets/choucsan/Gaokao-Compass-11M
2024,西藏,物理,本科二批,三峡大学科技学院,,,,286,,西藏教育考试院,https://huggingface.co/datasets/choucsan/Gaokao-Compass-11M
2024,西藏,历史,本科二批,三明学院,,,6,307,,西藏教育考试院,https://huggingface.co/datasets/choucsan/Gaokao-Compass-11M
2024,西藏,物理,本科二批,三明学院,,,11,271,,西藏教育考试院,https://huggingface.co/datasets/choucsan/Gaokao-Compass-11M
2024,西藏,历史,本科一批,上海师范大学,,,,342,,西藏教育考试院,https://huggingface.co/datasets/choucsan/Gaokao-Compass-11M
2024,西藏,物理,本科一批,上海师范大学,,,,312,,西藏教育考试院,https://huggingface.co/datasets/choucsan/Gaokao-Compass-11M
2024,西藏,历史,本科一批,上海海事大学,,,,364,,西藏教育考试院,https://huggingface.co/datasets/choucsan/Gaokao-Compass-11M
2024,西藏,物理,本科一批,上海海事大学,,,,307,,西藏教育考试院,https://huggingface.co/datasets/choucsan/Gaokao-Compass-11M
2024,西藏,历史,本科一批,东北林业大学,,,,363,,西藏教育考试院,https://huggingface.co/datasets/choucsan/Gaokao-Compass-11M
2024,西藏,物理,本科一批,东北林业大学,,,,296,,西藏教育考试院,https://huggingface.co/datasets/choucsan/Gaokao-Compass-11M
2024,西藏,历史,本科提前批,中国人民公安大学,,,,426,,西藏教育考试院,https://huggingface.co/datasets/choucsan/Gaokao-Compass-11M
2024,西藏,物理,本科提前批,中国人民公安大学,,,,377,,西藏教育考试院,https://huggingface.co/datasets/choucsan/Gaokao-Compass-11M
2024,西藏,物理,本科提前批,中国人民解放军陆军军医大学,,,,366,,西藏教育考试院,https://huggingface.co/datasets/choucsan/Gaokao-Compass-11M
2024,西藏,历史,本科提前批,中国刑事警察学院,,,2,426,,西藏教育考试院,https://huggingface.co/datasets/choucsan/Gaokao-Compass-11M
2024,西藏,物理,国家专项计划本科批,中国刑事警察学院,,,2,340,,西藏教育考试院,https://huggingface.co/datasets/choucsan/Gaokao-Compass-11M
2024,西藏,历史,国家专项计划本科批,中国劳动关系学院,,,,376,,西藏教育考试院,https://huggingface.co/datasets/choucsan/Gaokao-Compass-11M
2024,西藏,物理,本科一批,中国医科大学,,,,379,,西藏教育考试院,https://huggingface.co/datasets/choucsan/Gaokao-Compass-11M
2024,西藏,历史,本科一批,中国政法大学,,,,455,,西藏教育考试院,https://huggingface.co/datasets/choucsan/Gaokao-Compass-11M
2024,西藏,物理,本科一批,中国政法大学,,,,490,,西藏教育考试院,https://huggingface.co/datasets/choucsan/Gaokao-Compass-11M
2024,西藏,历史,本科一批,中国民用航空飞行学院,,,5,335,,西藏教育考试院,https://huggingface.co/datasets/choucsan/Gaokao-Compass-11M
2024,西藏,物理,国家专项计划本科批,中国民用航空飞行学院,,,17,310,,西藏教育考试院,https://huggingface.co/datasets/choucsan/Gaokao-Compass-11M
2024,西藏,历史,本科提前批,中国消防救援学院,,,,420,,西藏教育考试院,https://huggingface.co/datasets/choucsan/Gaokao-Compass-11M
2024,西藏,物理,本科提前批,中国消防救援学院,,,,358,,西藏教育考试院,https://huggingface.co/datasets/choucsan/Gaokao-Compass-11M
2024,西藏,物理,本科一批,中国石油大学（北京）克拉玛依校区,,,,406,,西藏教育考试院,https://huggingface.co/datasets/choucsan/Gaokao-Compass-11M
2024,西藏,物理,本科一批,中国矿业大学（北京）,,,,359,,西藏教育考试院,https://huggingface.co/datasets/choucsan/Gaokao-Compass-11M
2024,西藏,历史,本科一批,中山大学,,,,400,,西藏教育考试院,https://huggingface.co/datasets/choucsan/Gaokao-Compass-11M
2024,西藏,物理,国家专项计划本科批,中山大学,,,,439,,西藏教育考试院,https://huggingface.co/datasets/choucsan/Gaokao-Compass-11M
2024,西藏,物理,本科二批,云南农业大学,,,,272,,西藏教育考试院,https://huggingface.co/datasets/choucsan/Gaokao-Compass-11M
2024,西藏,历史,本科一批,云南大学,,,3,401,,西藏教育考试院,https://huggingface.co/datasets/choucsan/Gaokao-Compass-11M
2024,西藏,物理,高校专项计划批次,云南大学,,,1,337,,西藏教育考试院,https://huggingface.co/datasets/choucsan/Gaokao-Compass-11M
2024,西藏,历史,本科提前批,云南警官学院,,,,376,,西藏教育考试院,https://huggingface.co/datasets/choucsan/Gaokao-Compass-11M
2024,西藏,物理,本科提前批,云南警官学院,,,,322,,西藏教育考试院,https://huggingface.co/datasets/choucsan/Gaokao-Compass-11M
2024,西藏,历史,本科一批,兰州大学,,,,423,,西藏教育考试院,https://huggingface.co/datasets/choucsan/Gaokao-Compass-11M
2024,西藏,物理,本科一批,兰州大学,,,,352,,西藏教育考试院,https://huggingface.co/datasets/choucsan/Gaokao-Compass-11M
2024,西藏,历史,本科二批,内江师范学院,,,,317,,西藏教育考试院,https://huggingface.co/datasets/choucsan/Gaokao-Compass-11M
2024,西藏,物理,本科二批,内江师范学院,,,,293,,西藏教育考试院,https://huggingface.co/datasets/choucsan/Gaokao-Compass-11M
2024,西藏,物理,本科一批,北京中医药大学,,,,378,,西藏教育考试院,https://huggingface.co/datasets/choucsan/Gaokao-Compass-11M
2024,西藏,物理,国家专项计划本科批,北京交通大学,,,,422,,西藏教育考试院,https://huggingface.co/datasets/choucsan/Gaokao-Compass-11M
2024,西藏,历史,本科二批,北京科技大学天津学院,,,,288,,西藏教育考试院,https://huggingface.co/datasets/choucsan/Gaokao-Compass-11M
2024,西藏,物理,本科二批,北京科技大学天津学院,,,,271,,西藏教育考试院,https://huggingface.co/datasets/choucsan/Gaokao-Compass-11M
2024,西藏,物理,本科二批,北华大学,,,,278,,西藏教育考试院,https://huggingface.co/datasets/choucsan/Gaokao-Compass-11M
2024,西藏,历史,本科提前批,华南理工大学,,,,424,,西藏教育考试院,https://huggingface.co/datasets/choucsan/Gaokao-Compass-11M
2024,西藏,历史,本科一批,南京信息工程大学,,,13,376,,西藏教育考试院,https://huggingface.co/datasets/choucsan/Gaokao-Compass-11M
2024,西藏,物理,国家专项计划本科批,南京信息工程大学,,,18,351,,西藏教育考试院,https://huggingface.co/datasets/choucsan/Gaokao-Compass-11M
2024,西藏,历史,本科一批,南京农业大学,,,,369,,西藏教育考试院,https://huggingface.co/datasets/choucsan/Gaokao-Compass-11M
2024,西藏,物理,国家专项计划本科批,南京农业大学,,,,340,,西藏教育考试院,https://huggingface.co/datasets/choucsan/Gaokao-Compass-11M
2024,西藏,物理,本科一批,南京医科大学,,,,404,,西藏教育考试院,https://huggingface.co/datasets/choucsan/Gaokao-Compass-11M
2024,西藏,历史,本科二批,南京特殊教育师范学院,,,,322,,西藏教育考试院,https://huggingface.co/datasets/choucsan/Gaokao-Compass-11M
2024,西藏,物理,本科二批,南京特殊教育师范学院,,,,296,,西藏教育考试院,https://huggingface.co/datasets/choucsan/Gaokao-Compass-11M
2024,西藏,物理,本科一批,南京邮电大学,,,1,570,,西藏教育考试院,https://huggingface.co/datasets/choucsan/Gaokao-Compass-11M
2024,西藏,物理,本科二批,南通大学,,,12,353,,西藏教育考试院,https://huggingface.co/datasets/choucsan/Gaokao-Compass-11M
2024,西藏,历史,本科二批,厦门工学院,,,3,295,,西藏教育考试院,https://huggingface.co/datasets/choucsan/Gaokao-Compass-11M
2024,西藏,物理,本科二批,厦门工学院,,,1,273,,西藏教育考试院,https://huggingface.co/datasets/choucsan/Gaokao-Compass-11M
2024,西藏,历史,本科二批,厦门理工学院,,,,328,,西藏教育考试院,https://huggingface.co/datasets/choucsan/Gaokao-Compass-11M
2024,西藏,物理,本科二批,厦门理工学院,,,,284,,西藏教育考试院,https://huggingface.co/datasets/choucsan/Gaokao-Compass-11M
2024,西藏,历史,本科二批,台州学院,,,12,327,,西藏教育考试院,https://huggingface.co/datasets/choucsan/Gaokao-Compass-11M
2024,西藏,物理,本科二批,台州学院,,,8,286,,西藏教育考试院,https://huggingface.co/datasets/choucsan/Gaokao-Compass-11M
2024,西藏,历史,本科二批,吉林工程技术师范学院,,,10,307,,西藏教育考试院,https://huggingface.co/datasets/choucsan/Gaokao-Compass-11M
2024,西藏,物理,本科二批,吉林工程技术师范学院,,,23,265,,西藏教育考试院,https://huggingface.co/datasets/choucsan/Gaokao-Compass-11M
2024,西藏,历史,本科二批,吉林师范大学,,,,315,,西藏教育考试院,https://huggingface.co/datasets/choucsan/Gaokao-Compass-11M
2024,西藏,物理,本科二批,吉林师范大学,,,,294,,西藏教育考试院,https://huggingface.co/datasets/choucsan/Gaokao-Compass-11M
2024,西藏,历史,本科二批,吉首大学,,,21,300,,西藏教育考试院,https://huggingface.co/datasets/choucsan/Gaokao-Compass-11M
2024,西藏,物理,本科二批,吉首大学,,,28,264,,西藏教育考试院,https://huggingface.co/datasets/choucsan/Gaokao-Compass-11M
2024,西藏,历史,本科二批,咸阳师范学院,,,39,321,,西藏教育考试院,https://huggingface.co/datasets/choucsan/Gaokao-Compass-11M
2024,西藏,物理,本科二批,咸阳师范学院,,,10,301,,西藏教育考试院,https://huggingface.co/datasets/choucsan/Gaokao-Compass-11M
2024,西藏,历史,本科二批,哈尔滨学院,,,9,316,,西藏教育考试院,https://huggingface.co/datasets/choucsan/Gaokao-Compass-11M
2024,西藏,物理,本科二批,哈尔滨学院,,,4,292,,西藏教育考试院,https://huggingface.co/datasets/choucsan/Gaokao-Compass-11M
2024,西藏,历史,本科二批,哈尔滨师范大学,,,,319,,西藏教育考试院,https://huggingface.co/datasets/choucsan/Gaokao-Compass-11M
2024,西藏,物理,本科二批,哈尔滨师范大学,,,,288,,西藏教育考试院,https://huggingface.co/datasets/choucsan/Gaokao-Compass-11M
2024,西藏,历史,本科二批,商洛学院,,,18,316,,西藏教育考试院,https://huggingface.co/datasets/choucsan/Gaokao-Compass-11M
2024,西藏,物理,本科二批,商洛学院,,,22,287,,西藏教育考试院,https://huggingface.co/datasets/choucsan/Gaokao-Compass-11M
2024,西藏,历史,本科一批,四川师范大学,,,,358,,西藏教育考试院,https://huggingface.co/datasets/choucsan/Gaokao-Compass-11M
2024,西藏,物理,本科一批,四川师范大学,,,,365,,西藏教育考试院,https://huggingface.co/datasets/choucsan/Gaokao-Compass-11M
2024,西藏,历史,本科二批,大庆师范学院,,,,309,,西藏教育考试院,https://huggingface.co/datasets/choucsan/Gaokao-Compass-11M
2024,西藏,物理,本科二批,大庆师范学院,,,,275,,西藏教育考试院,https://huggingface.co/datasets/choucsan/Gaokao-Compass-11M
2024,西藏,历史,本科二批,大连大学,,,7,330,,西藏教育考试院,https://huggingface.co/datasets/choucsan/Gaokao-Compass-11M
2024,西藏,物理,本科二批,大连大学,,,3,290,,西藏教育考试院,https://huggingface.co/datasets/choucsan/Gaokao-Compass-11M
2024,西藏,历史,本科二批,大连工业大学,,,2,314,,西藏教育考试院,https://huggingface.co/datasets/choucsan/Gaokao-Compass-11M
2024,西藏,物理,本科二批,大连工业大学,,,3,269,,西藏教育考试院,https://huggingface.co/datasets/choucsan/Gaokao-Compass-11M
2024,西藏,历史,本科一批,大连海事大学,,,,351,,西藏教育考试院,https://huggingface.co/datasets/choucsan/Gaokao-Compass-11M
2024,西藏,历史,本科一批,天津师范大学,,,,403,,西藏教育考试院,https://huggingface.co/datasets/choucsan/Gaokao-Compass-11M
2024,西藏,物理,本科一批,天津师范大学,,,,388,,西藏教育考试院,https://huggingface.co/datasets/choucsan/Gaokao-Compass-11M
2024,西藏,历史,本科二批,安庆师范大学,,,,329,,西藏教育考试院,https://huggingface.co/datasets/choucsan/Gaokao-Compass-11M
2024,西藏,历史,本科一批,山东师范大学,,,,427,,西藏教育考试院,https://huggingface.co/datasets/choucsan/Gaokao-Compass-11M
2024,西藏,物理,本科一批,山东师范大学,,,,443,,西藏教育考试院,https://huggingface.co/datasets/choucsan/Gaokao-Compass-11M
2024,西藏,物理,本科一批,川北医学院,,,,389,,西藏教育考试院,https://huggingface.co/datasets/choucsan/Gaokao-Compass-11M
2024,西藏,物理,本科一批,广东医科大学,,,,398,,西藏教育考试院,https://huggingface.co/datasets/choucsan/Gaokao-Compass-11M
2024,西藏,历史,本科二批,广东技术师范大学,,,17,314,,西藏教育考试院,https://huggingface.co/datasets/choucsan/Gaokao-Compass-11M
2024,西藏,物理,本科二批,广东技术师范大学,,,27,272,,西藏教育考试院,https://huggingface.co/datasets/choucsan/Gaokao-Compass-11M
2024,西藏,历史,本科二批,广州航海学院,,,10,301,,西藏教育考试院,https://huggingface.co/datasets/choucsan/Gaokao-Compass-11M
2024,西藏,物理,本科二批,广州航海学院,,,13,265,,西藏教育考试院,https://huggingface.co/datasets/choucsan/Gaokao-Compass-11M
2024,西藏,物理,本科一批,广西大学,,,,306,,西藏教育考试院,https://huggingface.co/datasets/choucsan/Gaokao-Compass-11M
2024,西藏,物理,本科一批,延边大学,,,,362,,西藏教育考试院,https://huggingface.co/datasets/choucsan/Gaokao-Compass-11M
2024,西藏,物理,本科一批,成都中医药大学,,,,305,,西藏教育考试院,https://huggingface.co/datasets/choucsan/Gaokao-Compass-11M
2024,西藏,历史,本科一批,成都理工大学,,,,349,,西藏教育考试院,https://huggingface.co/datasets/choucsan/Gaokao-Compass-11M
2024,西藏,物理,本科一批,成都理工大学,,,,345,,西藏教育考试院,https://huggingface.co/datasets/choucsan/Gaokao-Compass-11M
2024,西藏,历史,本科一批,扬州大学,,,3,395,,西藏教育考试院,https://huggingface.co/datasets/choucsan/Gaokao-Compass-11M
2024,西藏,物理,本科一批,扬州大学,,,12,327,,西藏教育考试院,https://huggingface.co/datasets/choucsan/Gaokao-Compass-11M
2024,西藏,物理,本科二批,扬州大学广陵学院,,,,255,,西藏教育考试院,https://huggingface.co/datasets/choucsan/Gaokao-Compass-11M
2024,西藏,历史,本科二批,攀枝花学院,,,6,327,,西藏教育考试院,https://huggingface.co/datasets/choucsan/Gaokao-Compass-11M
2024,西藏,物理,本科二批,攀枝花学院,,,6,281,,西藏教育考试院,https://huggingface.co/datasets/choucsan/Gaokao-Compass-11M
2024,西藏,物理,本科二批,昆明医科大学海源学院,,,,267,,西藏教育考试院,https://huggingface.co/datasets/choucsan/Gaokao-Compass-11M
2024,西藏,物理,本科一批,昆明理工大学,,,,305,,西藏教育考试院,https://huggingface.co/datasets/choucsan/Gaokao-Compass-11M
2024,西藏,历史,本科一批,杭州师范大学,,,6,353,,西藏教育考试院,https://huggingface.co/datasets/choucsan/Gaokao-Compass-11M
2024,西藏,物理,本科一批,杭州师范大学,,,10,309,,西藏教育考试院,https://huggingface.co/datasets/choucsan/Gaokao-Compass-11M
2024,西藏,历史,本科二批,汉江师范学院,,,,322,,西藏教育考试院,https://huggingface.co/datasets/choucsan/Gaokao-Compass-11M
2024,西藏,物理,本科二批,汉江师范学院,,,,282,,西藏教育考试院,https://huggingface.co/datasets/choucsan/Gaokao-Compass-11M
2024,西藏,历史,本科一批,江苏科技大学,,,,336,,西藏教育考试院,https://huggingface.co/datasets/choucsan/Gaokao-Compass-11M
2024,西藏,物理,本科一批,江苏科技大学,,,,307,,西藏教育考试院,https://huggingface.co/datasets/choucsan/Gaokao-Compass-11M
2024,西藏,历史,本科二批,江西中医药大学,,,2,384,,西藏教育考试院,https://huggingface.co/datasets/choucsan/Gaokao-Compass-11M
2024,西藏,物理,本科二批,江西中医药大学,,,3,360,,西藏教育考试院,https://huggingface.co/datasets/choucsan/Gaokao-Compass-11M
2024,西藏,历史,本科一批,江西理工大学,,,2,335,,西藏教育考试院,https://huggingface.co/datasets/choucsan/Gaokao-Compass-11M
2024,西藏,物理,本科一批,江西理工大学,,,4,306,,西藏教育考试院,https://huggingface.co/datasets/choucsan/Gaokao-Compass-11M
2024,西藏,历史,本科一批,江西财经大学,,,,358,,西藏教育考试院,https://huggingface.co/datasets/choucsan/Gaokao-Compass-11M
2024,西藏,物理,本科一批,江西财经大学,,,,391,,西藏教育考试院,https://huggingface.co/datasets/choucsan/Gaokao-Compass-11M
2024,西藏,物理,本科一批,沈阳工业大学,,,,306,,西藏教育考试院,https://huggingface.co/datasets/choucsan/Gaokao-Compass-11M
2024,西藏,历史,本科一批,河北师范大学,,,2,411,,西藏教育考试院,https://huggingface.co/datasets/choucsan/Gaokao-Compass-11M
2024,西藏,物理,本科一批,河北师范大学,,,3,372,,西藏教育考试院,https://huggingface.co/datasets/choucsan/Gaokao-Compass-11M
2024,西藏,历史,本科二批,河南中医药大学,,,,334,,西藏教育考试院,https://huggingface.co/datasets/choucsan/Gaokao-Compass-11M
2024,西藏,物理,本科二批,河南中医药大学,,,,280,,西藏教育考试院,https://huggingface.co/datasets/choucsan/Gaokao-Compass-11M
2024,西藏,历史,本科一批,河南大学,,,,340,,西藏教育考试院,https://huggingface.co/datasets/choucsan/Gaokao-Compass-11M
2024,西藏,物理,本科一批,河南大学,,,,339,,西藏教育考试院,https://huggingface.co/datasets/choucsan/Gaokao-Compass-11M
2024,西藏,历史,本科一批,河南科技大学,,,,346,,西藏教育考试院,https://huggingface.co/datasets/choucsan/Gaokao-Compass-11M
2024,西藏,物理,本科一批,河南科技大学,,,,306,,西藏教育考试院,https://huggingface.co/datasets/choucsan/Gaokao-Compass-11M
2024,西藏,历史,本科二批,泉州师范学院,,,,323,,西藏教育考试院,https://huggingface.co/datasets/choucsan/Gaokao-Compass-11M
2024,西藏,物理,本科二批,泉州师范学院,,,,304,,西藏教育考试院,https://huggingface.co/datasets/choucsan/Gaokao-Compass-11M
2024,西藏,历史,本科二批,泰州学院,,,,301,,西藏教育考试院,https://huggingface.co/datasets/choucsan/Gaokao-Compass-11M
2024,西藏,历史,本科一批,济南大学,,,,343,,西藏教育考试院,https://huggingface.co/datasets/choucsan/Gaokao-Compass-11M
2024,西藏,物理,本科一批,济南大学,,,,330,,西藏教育考试院,https://huggingface.co/datasets/choucsan/Gaokao-Compass-11M
2024,西藏,历史,本科二批,浙江师范大学,,,7,368,,西藏教育考试院,https://huggingface.co/datasets/choucsan/Gaokao-Compass-11M
2024,西藏,物理,本科一批,浙江师范大学,,,10,317,,西藏教育考试院,https://huggingface.co/datasets/choucsan/Gaokao-Compass-11M
2024,西藏,历史,本科一批,海南师范大学,,,5,391,,西藏教育考试院,https://huggingface.co/datasets/choucsan/Gaokao-Compass-11M
2024,西藏,物理,本科一批,海南师范大学,,,5,369,,西藏教育考试院,https://huggingface.co/datasets/choucsan/Gaokao-Compass-11M
2024,西藏,物理,本科一批,温州医科大学,,,,365,,西藏教育考试院,https://huggingface.co/datasets/choucsan/Gaokao-Compass-11M
2024,西藏,历史,本科一批,温州大学,,,27,355,,西藏教育考试院,https://huggingface.co/datasets/choucsan/Gaokao-Compass-11M
2024,西藏,物理,本科一批,温州大学,,,24,308,,西藏教育考试院,https://huggingface.co/datasets/choucsan/Gaokao-Compass-11M
2024,西藏,历史,本科二批,渭南师范学院,,,37,322,,西藏教育考试院,https://huggingface.co/datasets/choucsan/Gaokao-Compass-11M
2024,西藏,历史,本科一批,湖北工业大学,,,,351,,西藏教育考试院,https://huggingface.co/datasets/choucsan/Gaokao-Compass-11M
2024,西藏,物理,本科一批,湖北工业大学,,,,308,,西藏教育考试院,https://huggingface.co/datasets/choucsan/Gaokao-Compass-11M
2024,西藏,历史,本科二批,湖北工程学院,,,,312,,西藏教育考试院,https://huggingface.co/datasets/choucsan/Gaokao-Compass-11M
2024,西藏,历史,本科二批,湖北师范大学,,,6,357,,西藏教育考试院,https://huggingface.co/datasets/choucsan/Gaokao-Compass-11M
2024,西藏,物理,本科二批,湖北师范大学,,,9,321,,西藏教育考试院,https://huggingface.co/datasets/choucsan/Gaokao-Compass-11M
2024,西藏,历史,本科二批,湖北第二师范学院,,,21,308,,西藏教育考试院,https://huggingface.co/datasets/choucsan/Gaokao-Compass-11M
2024,西藏,物理,本科二批,湖北第二师范学院,,,18,286,,西藏教育考试院,https://huggingface.co/datasets/choucsan/Gaokao-Compass-11M
2024,西藏,历史,本科一批,湖南工业大学,,,,323,,西藏教育考试院,https://huggingface.co/datasets/choucsan/Gaokao-Compass-11M
2024,西藏,物理,本科一批,湖南工业大学,,,,294,,西藏教育考试院,https://huggingface.co/datasets/choucsan/Gaokao-Compass-11M
2024,西藏,历史,本科一批,湖南师范大学,,,,436,,西藏教育考试院,https://huggingface.co/datasets/choucsan/Gaokao-Compass-11M
2024,西藏,物理,本科一批,湖南师范大学,,,,464,,西藏教育考试院,https://huggingface.co/datasets/choucsan/Gaokao-Compass-11M
2024,西藏,历史,本科二批,湖南文理学院,,,,306,,西藏教育考试院,https://huggingface.co/datasets/choucsan/Gaokao-Compass-11M
2024,西藏,历史,本科一批,湖南理工职业技术学院,,,4,336,,西藏教育考试院,https://huggingface.co/datasets/choucsan/Gaokao-Compass-11M
2024,西藏,物理,本科一批,湖南理工职业技术学院,,,2,306,,西藏教育考试院,https://huggingface.co/datasets/choucsan/Gaokao-Compass-11M
2024,西藏,历史,本科一批,湖南科技大学,,,,367,,西藏教育考试院,https://huggingface.co/datasets/choucsan/Gaokao-Compass-11M
2024,西藏,物理,本科一批,湖南科技大学,,,,317,,西藏教育考试院,https://huggingface.co/datasets/choucsan/Gaokao-Compass-11M
2024,西藏,历史,本科二批,湖南警察学院,,,,342,,西藏教育考试院,https://huggingface.co/datasets/choucsan/Gaokao-Compass-11M
2024,西藏,物理,本科二批,湖南警察学院,,,,349,,西藏教育考试院,https://huggingface.co/datasets/choucsan/Gaokao-Compass-11M
2024,西藏,历史,本科一批,湖州师范学院,,,,341,,西藏教育考试院,https://huggingface.co/datasets/choucsan/Gaokao-Compass-11M
2024,西藏,物理,本科一批,湖州师范学院,,,,314,,西藏教育考试院,https://huggingface.co/datasets/choucsan/Gaokao-Compass-11M
2024,西藏,历史,本科一批,湘潭大学,,,2,419,,西藏教育考试院,https://huggingface.co/datasets/choucsan/Gaokao-Compass-11M
2024,西藏,物理,本科一批,湘潭大学,,,2,305,,西藏教育考试院,https://huggingface.co/datasets/choucsan/Gaokao-Compass-11M
2024,西藏,历史,本科二批,牡丹江师范学院,,,,309,,西藏教育考试院,https://huggingface.co/datasets/choucsan/Gaokao-Compass-11M
2024,西藏,物理,本科二批,牡丹江师范学院,,,,266,,西藏教育考试院,https://huggingface.co/datasets/choucsan/Gaokao-Compass-11M
2024,西藏,历史,本科二批,琼台师范学院,,,,321,,西藏教育考试院,https://huggingface.co/datasets/choucsan/Gaokao-Compass-11M
2024,西藏,物理,本科二批,琼台师范学院,,,,291,,西藏教育考试院,https://huggingface.co/datasets/choucsan/Gaokao-Compass-11M
2024,西藏,物理,本科一批,电子科技大学,,,,431,,西藏教育考试院,https://huggingface.co/datasets/choucsan/Gaokao-Compass-11M
2024,西藏,历史,本科二批,盐城师范学院,,,,265,,西藏教育考试院,https://huggingface.co/datasets/choucsan/Gaokao-Compass-11M
2024,西藏,物理,本科二批,盐城师范学院,,,,265,,西藏教育考试院,https://huggingface.co/datasets/choucsan/Gaokao-Compass-11M
2024,西藏,历史,本科二批,福州外语外贸学院,,,,290,,西藏教育考试院,https://huggingface.co/datasets/choucsan/Gaokao-Compass-11M
2024,西藏,物理,本科二批,福州外语外贸学院,,,,253,,西藏教育考试院,https://huggingface.co/datasets/choucsan/Gaokao-Compass-11M
2024,西藏,历史,本科一批,福州大学,,,,398,,西藏教育考试院,https://huggingface.co/datasets/choucsan/Gaokao-Compass-11M
2024,西藏,物理,本科一批,福州大学,,,,306,,西藏教育考试院,https://huggingface.co/datasets/choucsan/Gaokao-Compass-11M
2024,西藏,历史,本科二批,福州大学至诚学院,,,1,308,,西藏教育考试院,https://huggingface.co/datasets/choucsan/Gaokao-Compass-11M
2024,西藏,物理,本科二批,福州工商学院,,,,252,,西藏教育考试院,https://huggingface.co/datasets/choucsan/Gaokao-Compass-11M
2024,西藏,历史,本科一批,福建农林大学,,,3,336,,西藏教育考试院,https://huggingface.co/datasets/choucsan/Gaokao-Compass-11M
2024,西藏,物理,本科一批,福建农林大学,,,6,308,,西藏教育考试院,https://huggingface.co/datasets/choucsan/Gaokao-Compass-11M
2024,西藏,历史,本科二批,福建理工大学,,,,308,,西藏教育考试院,https://huggingface.co/datasets/choucsan/Gaokao-Compass-11M
2024,西藏,物理,本科二批,福建理工大学,,,,286,,西藏教育考试院,https://huggingface.co/datasets/choucsan/Gaokao-Compass-11M
2024,西藏,历史,本科一批,绍兴文理学院,,,10,361,,西藏教育考试院,https://huggingface.co/datasets/choucsan/Gaokao-Compass-11M
2024,西藏,物理,本科一批,绍兴文理学院,,,20,309,,西藏教育考试院,https://huggingface.co/datasets/choucsan/Gaokao-Compass-11M
2024,西藏,物理,本科二批,绥化学院,,,,292,,西藏教育考试院,https://huggingface.co/datasets/choucsan/Gaokao-Compass-11M
2024,西藏,历史,本科二批,绵阳师范学院,,,8,310,,西藏教育考试院,https://huggingface.co/datasets/choucsan/Gaokao-Compass-11M
2024,西藏,物理,本科二批,绵阳师范学院,,,6,300,,西藏教育考试院,https://huggingface.co/datasets/choucsan/Gaokao-Compass-11M
2024,西藏,历史,本科二批,聊城大学,,,,334,,西藏教育考试院,https://huggingface.co/datasets/choucsan/Gaokao-Compass-11M
2024,西藏,物理,本科二批,聊城大学,,,,265,,西藏教育考试院,https://huggingface.co/datasets/choucsan/Gaokao-Compass-11M
2024,西藏,历史,本科二批,肇庆学院,,,,306,,西藏教育考试院,https://huggingface.co/datasets/choucsan/Gaokao-Compass-11M
2024,西藏,历史,本科二批,衢州学院,,,,301,,西藏教育考试院,https://huggingface.co/datasets/choucsan/Gaokao-Compass-11M
2024,西藏,物理,本科二批,衢州学院,,,,267,,西藏教育考试院,https://huggingface.co/datasets/choucsan/Gaokao-Compass-11M
2024,西藏,物理,本科一批,西北工业大学,,,,391,,西藏教育考试院,https://huggingface.co/datasets/choucsan/Gaokao-Compass-11M
2024,西藏,物理,高校专项计划本科批,西南交通大学,,,,341,,西藏教育考试院,https://huggingface.co/datasets/choucsan/Gaokao-Compass-11M
2024,西藏,物理,本科一批,西南医科大学,,,,408,,西藏教育考试院,https://huggingface.co/datasets/choucsan/Gaokao-Compass-11M
2024,西藏,历史,高校专项计划本科批,西南政法大学,,,,408,,西藏教育考试院,https://huggingface.co/datasets/choucsan/Gaokao-Compass-11M
2024,西藏,物理,本科一批,西南政法大学,,,,409,,西藏教育考试院,https://huggingface.co/datasets/choucsan/Gaokao-Compass-11M
2024,西藏,物理,本科二批,西南林业大学,,,,359,,西藏教育考试院,https://huggingface.co/datasets/choucsan/Gaokao-Compass-11M
2024,西藏,历史,本科一批,西南科技大学,,,12,363,,西藏教育考试院,https://huggingface.co/datasets/choucsan/Gaokao-Compass-11M
2024,西藏,物理,本科一批,西南科技大学,,,9,311,,西藏教育考试院,https://huggingface.co/datasets/choucsan/Gaokao-Compass-11M
2024,西藏,历史,本科一批,西南财经大学,,,,393,,西藏教育考试院,https://huggingface.co/datasets/choucsan/Gaokao-Compass-11M
2024,西藏,物理,国家专项计划本科批,西南财经大学,,,,401,,西藏教育考试院,https://huggingface.co/datasets/choucsan/Gaokao-Compass-11M
2024,西藏,历史,本科一批,西安外国语大学,,,8,358,,西藏教育考试院,https://huggingface.co/datasets/choucsan/Gaokao-Compass-11M
2024,西藏,物理,本科一批,西安外国语大学,,,7,329,,西藏教育考试院,https://huggingface.co/datasets/choucsan/Gaokao-Compass-11M
2024,西藏,历史,本科二批,西安文理学院,,,14,337,,西藏教育考试院,https://huggingface.co/datasets/choucsan/Gaokao-Compass-11M
2024,西藏,物理,本科二批,西安文理学院,,,10,298,,西藏教育考试院,https://huggingface.co/datasets/choucsan/Gaokao-Compass-11M
2024,西藏,物理,本科一批,西安科技大学,,,,305,,西藏教育考试院,https://huggingface.co/datasets/choucsan/Gaokao-Compass-11M
2024,西藏,历史,本科二批,西安航空学院,,,,302,,西藏教育考试院,https://huggingface.co/datasets/choucsan/Gaokao-Compass-11M
2024,西藏,物理,本科二批,西安航空学院,,,,265,,西藏教育考试院,https://huggingface.co/datasets/choucsan/Gaokao-Compass-11M
2024,西藏,物理,本科二批,辽宁对外经贸学院,,,,282,,西藏教育考试院,https://huggingface.co/datasets/choucsan/Gaokao-Compass-11M
2024,西藏,历史,本科二批,邵阳学院,,,2,305,,西藏教育考试院,https://huggingface.co/datasets/choucsan/Gaokao-Compass-11M
2024,西藏,历史,本科二批,郑州师范学院,,,3,315,,西藏教育考试院,https://huggingface.co/datasets/choucsan/Gaokao-Compass-11M
2024,西藏,物理,本科二批,郑州师范学院,,,3,269,,西藏教育考试院,https://huggingface.co/datasets/choucsan/Gaokao-Compass-11M
2024,西藏,历史,本科一批,重庆大学,,,4,412,,西藏教育考试院,https://huggingface.co/datasets/choucsan/Gaokao-Compass-11M
2024,西藏,物理,本科一批,重庆大学,,,13,386,,西藏教育考试院,https://huggingface.co/datasets/choucsan/Gaokao-Compass-11M
2024,西藏,历史,本科二批,金陵科技学院,,,16,302,,西藏教育考试院,https://huggingface.co/datasets/choucsan/Gaokao-Compass-11M
2024,西藏,物理,本科二批,金陵科技学院,,,44,283,,西藏教育考试院,https://huggingface.co/datasets/choucsan/Gaokao-Compass-11M
2024,西藏,物理,本科二批,长春中医药大学,,,9,291,,西藏教育考试院,https://huggingface.co/datasets/choucsan/Gaokao-Compass-11M
2024,西藏,历史,本科一批,长江大学,,,10,369,,西藏教育考试院,https://huggingface.co/datasets/choucsan/Gaokao-Compass-11M
2024,西藏,物理,本科一批,长江大学,,,36,321,,西藏教育考试院,https://huggingface.co/datasets/choucsan/Gaokao-Compass-11M
2024,西藏,历史,本科一批,长沙理工大学,,,,371,,西藏教育考试院,https://huggingface.co/datasets/choucsan/Gaokao-Compass-11M
2024,西藏,物理,本科一批,长沙理工大学,,,,354,,西藏教育考试院,https://huggingface.co/datasets/choucsan/Gaokao-Compass-11M
2024,西藏,历史,本科二批,闽南师范大学,,,,331,,西藏教育考试院,https://huggingface.co/datasets/choucsan/Gaokao-Compass-11M
2024,西藏,物理,本科二批,闽南师范大学,,,,303,,西藏教育考试院,https://huggingface.co/datasets/choucsan/Gaokao-Compass-11M
2024,西藏,物理,本科提前批,陆军工程大学,,,,399,,西藏教育考试院,https://huggingface.co/datasets/choucsan/Gaokao-Compass-11M
2024,西藏,历史,本科二批,陕西学前师范学院,,,,320,,西藏教育考试院,https://huggingface.co/datasets/choucsan/Gaokao-Compass-11M
2024,西藏,历史,国家专项计划本科批,陕西师范大学,,,1,415,,西藏教育考试院,https://huggingface.co/datasets/choucsan/Gaokao-Compass-11M
2024,西藏,物理,国家专项计划本科批,陕西师范大学,,,1,432,,西藏教育考试院,https://huggingface.co/datasets/choucsan/Gaokao-Compass-11M
2024,西藏,历史,本科预科班批,集美大学,,,,336,,西藏教育考试院,https://huggingface.co/datasets/choucsan/Gaokao-Compass-11M
2024,西藏,物理,本科预科班批,集美大学,,,,300,,西藏教育考试院,https://huggingface.co/datasets/choucsan/Gaokao-Compass-11M
2024,西藏,历史,本科一批,青岛大学,,,,398,,西藏教育考试院,https://huggingface.co/datasets/choucsan/Gaokao-Compass-11M
2024,西藏,物理,本科一批,青岛大学,,,,315,,西藏教育考试院,https://huggingface.co/datasets/choucsan/Gaokao-Compass-11M
2024,西藏,历史,本科二批,韩山师范学院,,,,312,,西藏教育考试院,https://huggingface.co/datasets/choucsan/Gaokao-Compass-11M
2024,西藏,历史,本科二批,黄冈师范学院,,,15,321,,西藏教育考试院,https://huggingface.co/datasets/choucsan/Gaokao-Compass-11M
2024,西藏,历史,本科二批,黑河学院,,,,302,,西藏教育考试院,https://huggingface.co/datasets/choucsan/Gaokao-Compass-11M
2024,西藏,历史,本科一批,黑龙江大学,,,,344,,西藏教育考试院,https://huggingface.co/datasets/choucsan/Gaokao-Compass-11M
2024,西藏,物理,本科一批,黑龙江大学,,,,380,,西藏教育考试院,https://huggingface.co/datasets/choucsan/Gaokao-Compass-11M
2024,西藏,历史,本科二批,黑龙江工程学院,,,2,307,,西藏教育考试院,https://huggingface.co/datasets/choucsan/Gaokao-Compass-11M
2024,西藏,物理,本科二批,黑龙江工程学院,,,23,265,,西藏教育考试院,https://huggingface.co/datasets/choucsan/Gaokao-Compass-11M
2024,西藏,历史,本科二批,齐齐哈尔大学,,,,309,,西藏教育考试院,https://huggingface.co/datasets/choucsan/Gaokao-Compass-11M
2024,西藏,物理,本科二批,齐齐哈尔大学,,,,266,,西藏教育考试院,https://huggingface.co/datasets/choucsan/Gaokao-Compass-11M
2025,西藏,历史,本科一批,三峡大学,,,,339,,西藏教育考试院,https://huggingface.co/datasets/choucsan/Gaokao-Compass-11M
2025,西藏,物理,本科一批,三峡大学,,,,297,,西藏教育考试院,https://huggingface.co/datasets/choucsan/Gaokao-Compass-11M
2025,西藏,物理,国家专项计划本科批,上海工程技术大学,,,,343,,西藏教育考试院,https://huggingface.co/datasets/choucsan/Gaokao-Compass-11M
2025,西藏,历史,本科一批,上海师范大学,,,,355,,西藏教育考试院,https://huggingface.co/datasets/choucsan/Gaokao-Compass-11M
2025,西藏,物理,本科一批,上海师范大学,,,,337,,西藏教育考试院,https://huggingface.co/datasets/choucsan/Gaokao-Compass-11M
2025,西藏,历史,本科一批,上海政法学院,,,,385,,西藏教育考试院,https://huggingface.co/datasets/choucsan/Gaokao-Compass-11M
2025,西藏,物理,本科一批,上海政法学院,,,,353,,西藏教育考试院,https://huggingface.co/datasets/choucsan/Gaokao-Compass-11M
2025,西藏,历史,本科一批,上海海事大学,,,,380,,西藏教育考试院,https://huggingface.co/datasets/choucsan/Gaokao-Compass-11M
2025,西藏,物理,本科一批,上海海事大学,,,,338,,西藏教育考试院,https://huggingface.co/datasets/choucsan/Gaokao-Compass-11M
2025,西藏,历史,本科一批,上海海洋大学,,,,370,,西藏教育考试院,https://huggingface.co/datasets/choucsan/Gaokao-Compass-11M
2025,西藏,物理,本科一批,上海海洋大学,,,,301,,西藏教育考试院,https://huggingface.co/datasets/choucsan/Gaokao-Compass-11M
2025,西藏,历史,本科一批,上海理工大学,,,,376,,西藏教育考试院,https://huggingface.co/datasets/choucsan/Gaokao-Compass-11M
2025,西藏,物理,本科一批,上海理工大学,,,,341,,西藏教育考试院,https://huggingface.co/datasets/choucsan/Gaokao-Compass-11M
2025,西藏,物理,本科一批,上海第二工业大学,,,,302,,西藏教育考试院,https://huggingface.co/datasets/choucsan/Gaokao-Compass-11M
2025,西藏,物理,高校专项计划本科批,上海财经大学,,,,339,,西藏教育考试院,https://huggingface.co/datasets/choucsan/Gaokao-Compass-11M
2025,西藏,历史,本科一批,东北农业大学,,,,384,,西藏教育考试院,https://huggingface.co/datasets/choucsan/Gaokao-Compass-11M
2025,西藏,物理,本科一批,东北农业大学,,,,312,,西藏教育考试院,https://huggingface.co/datasets/choucsan/Gaokao-Compass-11M
2025,西藏,历史,本科一批,东北师范大学,,,,348,,西藏教育考试院,https://huggingface.co/datasets/choucsan/Gaokao-Compass-11M
2025,西藏,物理,本科一批,东北师范大学,,,,312,,西藏教育考试院,https://huggingface.co/datasets/choucsan/Gaokao-Compass-11M
2025,西藏,历史,本科一批,东北林业大学,,,,376,,西藏教育考试院,https://huggingface.co/datasets/choucsan/Gaokao-Compass-11M
2025,西藏,物理,本科一批,东北林业大学,,,,294,,西藏教育考试院,https://huggingface.co/datasets/choucsan/Gaokao-Compass-11M
2025,西藏,物理,本科二批,东北电力大学,,,,321,,西藏教育考试院,https://huggingface.co/datasets/choucsan/Gaokao-Compass-11M
2025,西藏,历史,本科一批,东北石油大学,,,10,344,,西藏教育考试院,https://huggingface.co/datasets/choucsan/Gaokao-Compass-11M
2025,西藏,物理,本科一批,东北石油大学,,,15,304,,西藏教育考试院,https://huggingface.co/datasets/choucsan/Gaokao-Compass-11M
2025,西藏,历史,国家专项计划本科批,中南财经政法大学,,,,418,,西藏教育考试院,https://huggingface.co/datasets/choucsan/Gaokao-Compass-11M
2025,西藏,物理,国家专项计划本科批,中南财经政法大学,,,,550,,西藏教育考试院,https://huggingface.co/datasets/choucsan/Gaokao-Compass-11M
2025,西藏,历史,提前录取本科一批,中国人民公安大学,,,,404,,西藏教育考试院,https://huggingface.co/datasets/choucsan/Gaokao-Compass-11M
2025,西藏,物理,提前录取本科一批,中国人民公安大学,,,,396,,西藏教育考试院,https://huggingface.co/datasets/choucsan/Gaokao-Compass-11M
2025,西藏,物理,提前录取军校批,中国人民解放军陆军军医大学,,,,354,,西藏教育考试院,https://huggingface.co/datasets/choucsan/Gaokao-Compass-11M
2025,西藏,历史,国家专项计划本科批,中国传媒大学,,,,410,,西藏教育考试院,https://huggingface.co/datasets/choucsan/Gaokao-Compass-11M
2025,西藏,物理,国家专项计划本科批,中国传媒大学,,,,394,,西藏教育考试院,https://huggingface.co/datasets/choucsan/Gaokao-Compass-11M
2025,西藏,历史,提前录取本科二批,中国刑事警察学院,,,2,371,,西藏教育考试院,https://huggingface.co/datasets/choucsan/Gaokao-Compass-11M
2025,西藏,物理,提前录取本科二批,中国刑事警察学院,,,14,335,,西藏教育考试院,https://huggingface.co/datasets/choucsan/Gaokao-Compass-11M
2025,西藏,历史,国家专项计划本科批,中国劳动关系学院,,,,393,,西藏教育考试院,https://huggingface.co/datasets/choucsan/Gaokao-Compass-11M
2025,西藏,历史,本科一批,中国地质大学（北京）,,,,392,,西藏教育考试院,https://huggingface.co/datasets/choucsan/Gaokao-Compass-11M
2025,西藏,物理,本科一批,中国地质大学（北京）,,,,362,,西藏教育考试院,https://huggingface.co/datasets/choucsan/Gaokao-Compass-11M
2025,西藏,历史,本科一批,中国民航大学,,,,401,,西藏教育考试院,https://huggingface.co/datasets/choucsan/Gaokao-Compass-11M
2025,西藏,物理,本科一批,中国民航大学,,,,348,,西藏教育考试院,https://huggingface.co/datasets/choucsan/Gaokao-Compass-11M
2025,西藏,历史,本科一批,中国海洋大学,,,,536,,西藏教育考试院,https://huggingface.co/datasets/choucsan/Gaokao-Compass-11M
2025,西藏,物理,本科一批,中国海洋大学,,,,357,,西藏教育考试院,https://huggingface.co/datasets/choucsan/Gaokao-Compass-11M
2025,西藏,物理,提前录取本科一批,中国消防救援学院,,,,375,,西藏教育考试院,https://huggingface.co/datasets/choucsan/Gaokao-Compass-11M
2025,西藏,物理,高校专项计划本科批,中国石油大学（北京）,,,,310,,西藏教育考试院,https://huggingface.co/datasets/choucsan/Gaokao-Compass-11M
2025,西藏,历史,本科一批,中央民族大学,,,,425,,西藏教育考试院,https://huggingface.co/datasets/choucsan/Gaokao-Compass-11M
2025,西藏,物理,本科一批,中央民族大学,,,,385,,西藏教育考试院,https://huggingface.co/datasets/choucsan/Gaokao-Compass-11M
2025,西藏,历史,国家专项计划本科批,中央财经大学,,,,586,,西藏教育考试院,https://huggingface.co/datasets/choucsan/Gaokao-Compass-11M
2025,西藏,物理,本科一批,中央财经大学,,,,581,,西藏教育考试院,https://huggingface.co/datasets/choucsan/Gaokao-Compass-11M
2025,西藏,物理,本科二批,云南农业大学,,,4,334,,西藏教育考试院,https://huggingface.co/datasets/choucsan/Gaokao-Compass-11M
2025,西藏,物理,本科二批,佳木斯大学,,,,269,,西藏教育考试院,https://huggingface.co/datasets/choucsan/Gaokao-Compass-11M
2025,西藏,物理,高校专项计划批,北京中医药大学,,,,345,,西藏教育考试院,https://huggingface.co/datasets/choucsan/Gaokao-Compass-11M
2025,西藏,历史,国家专项计划本科批,北京化工大学,,,,400,,西藏教育考试院,https://huggingface.co/datasets/choucsan/Gaokao-Compass-11M
2025,西藏,物理,国家专项计划本科批,北京化工大学,,,,530,,西藏教育考试院,https://huggingface.co/datasets/choucsan/Gaokao-Compass-11M
2025,西藏,物理,国家专项计划本科批,北京大学医学部,,,,663,,西藏教育考试院,https://huggingface.co/datasets/choucsan/Gaokao-Compass-11M
2025,西藏,物理,国家专项计划本科批,北京建筑大学,,,,361,,西藏教育考试院,https://huggingface.co/datasets/choucsan/Gaokao-Compass-11M
2025,西藏,物理,国家专项计划本科批,北京科技大学,,,2,366,,西藏教育考试院,https://huggingface.co/datasets/choucsan/Gaokao-Compass-11M
2025,西藏,物理,国家专项计划本科批,北京邮电大学,,,1,601,,西藏教育考试院,https://huggingface.co/datasets/choucsan/Gaokao-Compass-11M
2025,西藏,物理,本科二批,北华大学,,,37,272,,西藏教育考试院,https://huggingface.co/datasets/choucsan/Gaokao-Compass-11M
2025,西藏,历史,本科一批,华东师范大学,,,,413,,西藏教育考试院,https://huggingface.co/datasets/choucsan/Gaokao-Compass-11M
2025,西藏,物理,本科一批,华东师范大学,,,,451,,西藏教育考试院,https://huggingface.co/datasets/choucsan/Gaokao-Compass-11M
2025,西藏,历史,本科一批,华东政法大学,,,,383,,西藏教育考试院,https://huggingface.co/datasets/choucsan/Gaokao-Compass-11M
2025,西藏,物理,本科一批,华东政法大学,,,,373,,西藏教育考试院,https://huggingface.co/datasets/choucsan/Gaokao-Compass-11M
2025,西藏,历史,国家专项计划本科批,华东理工大学,,,,393,,西藏教育考试院,https://huggingface.co/datasets/choucsan/Gaokao-Compass-11M
2025,西藏,物理,国家专项计划本科批,华东理工大学,,,,394,,西藏教育考试院,https://huggingface.co/datasets/choucsan/Gaokao-Compass-11M
2025,西藏,历史,高校专项计划本科批,华中师范大学,,,,408,,西藏教育考试院,https://huggingface.co/datasets/choucsan/Gaokao-Compass-11M
2025,西藏,物理,本科一批,华中师范大学,,,,385,,西藏教育考试院,https://huggingface.co/datasets/choucsan/Gaokao-Compass-11M
2025,西藏,物理,本科一批,华北水利水电大学,,,27,339,,西藏教育考试院,https://huggingface.co/datasets/choucsan/Gaokao-Compass-11M
2025,西藏,物理,国家专项计划本科批,南京信息工程大学,,,,351,,西藏教育考试院,https://huggingface.co/datasets/choucsan/Gaokao-Compass-11M
2025,西藏,物理,国家专项计划本科批,南京理工大学,,,,375,,西藏教育考试院,https://huggingface.co/datasets/choucsan/Gaokao-Compass-11M
2025,西藏,历史,高校专项计划本科批,厦门大学,,,,401,,西藏教育考试院,https://huggingface.co/datasets/choucsan/Gaokao-Compass-11M
2025,西藏,物理,高校专项计划本科批,厦门大学,,,,411,,西藏教育考试院,https://huggingface.co/datasets/choucsan/Gaokao-Compass-11M
2025,西藏,物理,本科二批,吉林农业大学,,,,270,,西藏教育考试院,https://huggingface.co/datasets/choucsan/Gaokao-Compass-11M
2025,西藏,物理,本科二批,吉林化工大学,,,,269,,西藏教育考试院,https://huggingface.co/datasets/choucsan/Gaokao-Compass-11M
2025,西藏,物理,本科二批,吉林医药学院,,,,311,,西藏教育考试院,https://huggingface.co/datasets/choucsan/Gaokao-Compass-11M
2025,西藏,历史,本科一批,吉林大学,,,,562,,西藏教育考试院,https://huggingface.co/datasets/choucsan/Gaokao-Compass-11M
2025,西藏,物理,本科一批,吉林大学,,,,532,,西藏教育考试院,https://huggingface.co/datasets/choucsan/Gaokao-Compass-11M
2025,西藏,历史,本科二批,吉林工商学院,,,10,306,,西藏教育考试院,https://huggingface.co/datasets/choucsan/Gaokao-Compass-11M
2025,西藏,物理,本科二批,吉林工商学院,,,23,268,,西藏教育考试院,https://huggingface.co/datasets/choucsan/Gaokao-Compass-11M
2025,西藏,历史,本科二批,吉林工程技术师范学院,,,10,304,,西藏教育考试院,https://huggingface.co/datasets/choucsan/Gaokao-Compass-11M
2025,西藏,物理,本科二批,吉林工程技术师范学院,,,25,266,,西藏教育考试院,https://huggingface.co/datasets/choucsan/Gaokao-Compass-11M
2025,西藏,历史,本科二批,吉林师范大学,,,,319,,西藏教育考试院,https://huggingface.co/datasets/choucsan/Gaokao-Compass-11M
2025,西藏,物理,本科二批,吉林师范大学,,,,286,,西藏教育考试院,https://huggingface.co/datasets/choucsan/Gaokao-Compass-11M
2025,西藏,物理,本科二批,吉林建筑大学,,,,272,,西藏教育考试院,https://huggingface.co/datasets/choucsan/Gaokao-Compass-11M
2025,西藏,历史,本科二批,吉林警察学院,,,,342,,西藏教育考试院,https://huggingface.co/datasets/choucsan/Gaokao-Compass-11M
2025,西藏,物理,本科二批,吉林警察学院,,,,295,,西藏教育考试院,https://huggingface.co/datasets/choucsan/Gaokao-Compass-11M
2025,西藏,历史,本科二批,吉林财经大学,,,,351,,西藏教育考试院,https://huggingface.co/datasets/choucsan/Gaokao-Compass-11M
2025,西藏,物理,本科二批,吉林财经大学,,,,315,,西藏教育考试院,https://huggingface.co/datasets/choucsan/Gaokao-Compass-11M
2025,西藏,历史,本科二批,嘉兴大学,,,,340,,西藏教育考试院,https://huggingface.co/datasets/choucsan/Gaokao-Compass-11M
2025,西藏,物理,本科二批,嘉兴大学,,,,303,,西藏教育考试院,https://huggingface.co/datasets/choucsan/Gaokao-Compass-11M
2025,西藏,历史,本科一批,四川师范大学,,,,402,,西藏教育考试院,https://huggingface.co/datasets/choucsan/Gaokao-Compass-11M
2025,西藏,物理,本科一批,四川师范大学,,,,320,,西藏教育考试院,https://huggingface.co/datasets/choucsan/Gaokao-Compass-11M
2025,西藏,物理,国家专项计划本科批,塔里木大学,,,,314,,西藏教育考试院,https://huggingface.co/datasets/choucsan/Gaokao-Compass-11M
2025,西藏,历史,本科二批,大庆师范学院,,,7,306,,西藏教育考试院,https://huggingface.co/datasets/choucsan/Gaokao-Compass-11M
2025,西藏,物理,本科二批,大庆师范学院,,,6,272,,西藏教育考试院,https://huggingface.co/datasets/choucsan/Gaokao-Compass-11M
2025,西藏,物理,国家专项计划本科批,大连医科大学,,,,433,,西藏教育考试院,https://huggingface.co/datasets/choucsan/Gaokao-Compass-11M
2025,西藏,历史,本科二批,大连大学,,,7,311,,西藏教育考试院,https://huggingface.co/datasets/choucsan/Gaokao-Compass-11M
2025,西藏,物理,本科二批,大连大学,,,3,296,,西藏教育考试院,https://huggingface.co/datasets/choucsan/Gaokao-Compass-11M
2025,西藏,历史,本科二批,大连工业大学,,,3,325,,西藏教育考试院,https://huggingface.co/datasets/choucsan/Gaokao-Compass-11M
2025,西藏,物理,本科二批,大连工业大学,,,2,286,,西藏教育考试院,https://huggingface.co/datasets/choucsan/Gaokao-Compass-11M
2025,西藏,历史,本科一批,大连海事大学,,,,365,,西藏教育考试院,https://huggingface.co/datasets/choucsan/Gaokao-Compass-11M
2025,西藏,物理,国家专项计划本科批,天津工业大学,,,,345,,西藏教育考试院,https://huggingface.co/datasets/choucsan/Gaokao-Compass-11M
2025,西藏,历史,国家专项计划本科批,对外经济贸易大学,,,,436,,西藏教育考试院,https://huggingface.co/datasets/choucsan/Gaokao-Compass-11M
2025,西藏,物理,国家专项计划本科批,对外经济贸易大学,,,,380,,西藏教育考试院,https://huggingface.co/datasets/choucsan/Gaokao-Compass-11M
2025,西藏,历史,国家专项计划本科批,山东大学,,,,449,,西藏教育考试院,https://huggingface.co/datasets/choucsan/Gaokao-Compass-11M
2025,西藏,物理,国家专项计划本科批,山东大学,,,,389,,西藏教育考试院,https://huggingface.co/datasets/choucsan/Gaokao-Compass-11M
2025,西藏,物理,国家专项计划本科批,山东科技大学,,,,327,,西藏教育考试院,https://huggingface.co/datasets/choucsan/Gaokao-Compass-11M
2025,西藏,历史,本科二批,广东技术师范大学,,,17,324,,西藏教育考试院,https://huggingface.co/datasets/choucsan/Gaokao-Compass-11M
2025,西藏,物理,本科二批,广东技术师范大学,,,25,278,,西藏教育考试院,https://huggingface.co/datasets/choucsan/Gaokao-Compass-11M
2025,西藏,历史,本科二批,广州航海学院,,,5,315,,西藏教育考试院,https://huggingface.co/datasets/choucsan/Gaokao-Compass-11M
2025,西藏,物理,本科二批,广州航海学院,,,18,268,,西藏教育考试院,https://huggingface.co/datasets/choucsan/Gaokao-Compass-11M
2025,西藏,物理,本科一批,广西大学,,,,307,,西藏教育考试院,https://huggingface.co/datasets/choucsan/Gaokao-Compass-11M
2025,西藏,历史,本科二批,广西师范大学,,,,338,,西藏教育考试院,https://huggingface.co/datasets/choucsan/Gaokao-Compass-11M
2025,西藏,物理,本科二批,广西师范大学,,,,276,,西藏教育考试院,https://huggingface.co/datasets/choucsan/Gaokao-Compass-11M
2025,西藏,历史,本科一批,延安大学,,,6,361,,西藏教育考试院,https://huggingface.co/datasets/choucsan/Gaokao-Compass-11M
2025,西藏,物理,本科一批,延安大学,,,9,316,,西藏教育考试院,https://huggingface.co/datasets/choucsan/Gaokao-Compass-11M
2025,西藏,物理,本科一批,延边大学,,,,365,,西藏教育考试院,https://huggingface.co/datasets/choucsan/Gaokao-Compass-11M
2025,西藏,物理,本科一批,昆明理工大学,,,,302,,西藏教育考试院,https://huggingface.co/datasets/choucsan/Gaokao-Compass-11M
2025,西藏,历史,本科一批,杭州师范大学,,,8,353,,西藏教育考试院,https://huggingface.co/datasets/choucsan/Gaokao-Compass-11M
2025,西藏,物理,本科一批,杭州师范大学,,,8,306,,西藏教育考试院,https://huggingface.co/datasets/choucsan/Gaokao-Compass-11M
2025,西藏,物理,提前录取军校批,武警警官学院,,,,320,,西藏教育考试院,https://huggingface.co/datasets/choucsan/Gaokao-Compass-11M
2025,西藏,历史,本科一批,江南大学,,,9,339,,西藏教育考试院,https://huggingface.co/datasets/choucsan/Gaokao-Compass-11M
2025,西藏,物理,本科一批,江南大学,,,4,391,,西藏教育考试院,https://huggingface.co/datasets/choucsan/Gaokao-Compass-11M
2025,西藏,历史,本科一批,江汉大学,,,,372,,西藏教育考试院,https://huggingface.co/datasets/choucsan/Gaokao-Compass-11M
2025,西藏,历史,本科一批,江苏大学,,,7,382,,西藏教育考试院,https://huggingface.co/datasets/choucsan/Gaokao-Compass-11M
2025,西藏,物理,国家专项计划本科批,江苏大学,,,13,352,,西藏教育考试院,https://huggingface.co/datasets/choucsan/Gaokao-Compass-11M
2025,西藏,历史,本科一批,江苏科技大学,,,10,345,,西藏教育考试院,https://huggingface.co/datasets/choucsan/Gaokao-Compass-11M
2025,西藏,物理,本科一批,江苏科技大学,,,28,304,,西藏教育考试院,https://huggingface.co/datasets/choucsan/Gaokao-Compass-11M
2025,西藏,物理,本科一批,江西理工大学,,,6,300,,西藏教育考试院,https://huggingface.co/datasets/choucsan/Gaokao-Compass-11M
2025,西藏,物理,国家专项计划本科批,沈阳农业大学,,,,349,,西藏教育考试院,https://huggingface.co/datasets/choucsan/Gaokao-Compass-11M
2025,西藏,物理,国家专项计划本科批,沈阳建筑大学,,,,422,,西藏教育考试院,https://huggingface.co/datasets/choucsan/Gaokao-Compass-11M
2025,西藏,历史,本科一批,河北师范大学,,,5,369,,西藏教育考试院,https://huggingface.co/datasets/choucsan/Gaokao-Compass-11M
2025,西藏,物理,本科一批,浙江中医药大学,,,,329,,西藏教育考试院,https://huggingface.co/datasets/choucsan/Gaokao-Compass-11M
2025,西藏,历史,本科一批,浙江外国语学院,,,,339,,西藏教育考试院,https://huggingface.co/datasets/choucsan/Gaokao-Compass-11M
2025,西藏,物理,本科一批,浙江外国语学院,,,,303,,西藏教育考试院,https://huggingface.co/datasets/choucsan/Gaokao-Compass-11M
2025,西藏,历史,本科一批,浙江师范大学,,,,373,,西藏教育考试院,https://huggingface.co/datasets/choucsan/Gaokao-Compass-11M
2025,西藏,物理,本科一批,浙江师范大学,,,,324,,西藏教育考试院,https://huggingface.co/datasets/choucsan/Gaokao-Compass-11M
2025,西藏,物理,本科一批,海南医科大学,,,22,327,,西藏教育考试院,https://huggingface.co/datasets/choucsan/Gaokao-Compass-11M
2025,西藏,历史,本科一批,海南大学,,,,402,,西藏教育考试院,https://huggingface.co/datasets/choucsan/Gaokao-Compass-11M
2025,西藏,物理,本科一批,海南大学,,,,362,,西藏教育考试院,https://huggingface.co/datasets/choucsan/Gaokao-Compass-11M
2025,西藏,历史,本科二批,海南热带海洋学院,,,,313,,西藏教育考试院,https://huggingface.co/datasets/choucsan/Gaokao-Compass-11M
2025,西藏,物理,本科二批,海南热带海洋学院,,,,274,,西藏教育考试院,https://huggingface.co/datasets/choucsan/Gaokao-Compass-11M
2025,西藏,历史,本科二批,淮南师范学院,,,,386,,西藏教育考试院,https://huggingface.co/datasets/choucsan/Gaokao-Compass-11M
2025,西藏,物理,本科二批,淮南师范学院,,,,338,,西藏教育考试院,https://huggingface.co/datasets/choucsan/Gaokao-Compass-11M
2025,西藏,物理,本科一批,温州医科大学,,,,341,,西藏教育考试院,https://huggingface.co/datasets/choucsan/Gaokao-Compass-11M
2025,西藏,历史,本科二批,渭南师范学院,,,37,329,,西藏教育考试院,https://huggingface.co/datasets/choucsan/Gaokao-Compass-11M
2025,西藏,历史,本科一批,湖南工业大学,,,,327,,西藏教育考试院,https://huggingface.co/datasets/choucsan/Gaokao-Compass-11M
2025,西藏,物理,本科一批,湖南工业大学,,,,296,,西藏教育考试院,https://huggingface.co/datasets/choucsan/Gaokao-Compass-11M
2025,西藏,历史,本科二批,琼台师范学院,,,,317,,西藏教育考试院,https://huggingface.co/datasets/choucsan/Gaokao-Compass-11M
2025,西藏,物理,本科二批,琼台师范学院,,,,282,,西藏教育考试院,https://huggingface.co/datasets/choucsan/Gaokao-Compass-11M
2025,西藏,物理,国家专项计划本科批,石河子大学,,,,360,,西藏教育考试院,https://huggingface.co/datasets/choucsan/Gaokao-Compass-11M
2025,西藏,历史,本科二批,福建江夏学院,,,,317,,西藏教育考试院,https://huggingface.co/datasets/choucsan/Gaokao-Compass-11M
2025,西藏,物理,本科二批,福建江夏学院,,,,269,,西藏教育考试院,https://huggingface.co/datasets/choucsan/Gaokao-Compass-11M
2025,西藏,历史,提前录取本科一批,西北政法大学,,,,347,,西藏教育考试院,https://huggingface.co/datasets/choucsan/Gaokao-Compass-11M
2025,西藏,历史,高校专项计划本科批,西南大学,,,,390,,西藏教育考试院,https://huggingface.co/datasets/choucsan/Gaokao-Compass-11M
2025,西藏,物理,高校专项计划本科批,西南大学,,,,363,,西藏教育考试院,https://huggingface.co/datasets/choucsan/Gaokao-Compass-11M
2025,西藏,历史,国家专项计划本科批,西南财经大学,,,,394,,西藏教育考试院,https://huggingface.co/datasets/choucsan/Gaokao-Compass-11M
2025,西藏,物理,高校专项计划本科批,西南财经大学,,,,374,,西藏教育考试院,https://huggingface.co/datasets/choucsan/Gaokao-Compass-11M
2025,西藏,物理,本科一批,西安交通大学,,,,427,,西藏教育考试院,https://huggingface.co/datasets/choucsan/Gaokao-Compass-11M
2025,西藏,历史,本科一批,重庆交通大学,,,,361,,西藏教育考试院,https://huggingface.co/datasets/choucsan/Gaokao-Compass-11M
2025,西藏,物理,本科一批,重庆交通大学,,,,311,,西藏教育考试院,https://huggingface.co/datasets/choucsan/Gaokao-Compass-11M
2025,西藏,物理,本科一批,重庆医科大学,,,,378,,西藏教育考试院,https://huggingface.co/datasets/choucsan/Gaokao-Compass-11M
2025,西藏,历史,本科一批,重庆理工大学,,,,356,,西藏教育考试院,https://huggingface.co/datasets/choucsan/Gaokao-Compass-11M
2025,西藏,物理,本科一批,重庆理工大学,,,,351,,西藏教育考试院,https://huggingface.co/datasets/choucsan/Gaokao-Compass-11M
2025,西藏,历史,本科二批,金陵科技学院,,,16,313,,西藏教育考试院,https://huggingface.co/datasets/choucsan/Gaokao-Compass-11M
2025,西藏,物理,本科二批,金陵科技学院,,,44,283,,西藏教育考试院,https://huggingface.co/datasets/choucsan/Gaokao-Compass-11M
2025,西藏,历史,本科二批,长春师范大学,,,20,317,,西藏教育考试院,https://huggingface.co/datasets/choucsan/Gaokao-Compass-11M
2025,西藏,物理,本科二批,长春师范大学,,,10,276,,西藏教育考试院,https://huggingface.co/datasets/choucsan/Gaokao-Compass-11M
2025,西藏,历史,本科二批,陕西学前师范学院,,,,322,,西藏教育考试院,https://huggingface.co/datasets/choucsan/Gaokao-Compass-11M
2025,西藏,物理,本科二批,陕西学前师范学院,,,,284,,西藏教育考试院,https://huggingface.co/datasets/choucsan/Gaokao-Compass-11M
2025,西藏,历史,本科一批,集美大学,,,8,389,,西藏教育考试院,https://huggingface.co/datasets/choucsan/Gaokao-Compass-11M
2025,西藏,物理,本科一批,集美大学,,,28,348,,西藏教育考试院,https://huggingface.co/datasets/choucsan/Gaokao-Compass-11M
2025,西藏,历史,本科二批,黄冈师范学院,,,15,332,,西藏教育考试院,https://huggingface.co/datasets/choucsan/Gaokao-Compass-11M
